id,countries,region,types,ingredients,description,include
10159687,,,fish-soup,chicken:chicken;beef:beef;pork:pork;lamb:mutton;fish:fish;onion:onions;offal:offal,,
10287083,LT,,bread-soup,potato:potatoes;egg:eggs;mushroom:mushrooms;bread:bread;sausage:sausage;ham:bacon;broth:stock,,
1043218,,,,noodle:ramen noodles;chicken:chicken;beef:corned beef;pork:pork;rice:rice;egg:egg;miso:miso;broth:broth,,
10446962,,,noodle-soup,beef:beef;pork:pork;fish:fish;shallot:shallots;rice:rice;rice-vermicelli:rice vermicelli;noodle:noodles;celery:celery;meatball:meatballs;broth:broth,,
10509170,,,cold-soup,potato:potatoes;garlic:garlic;onion:onions;cream:cream;broth:broth;water:water,,
10960882,FR,,bread-soup,beef:beef;bread:bread,,
11462433,,,noodle-soup,noodle:noodles;miso:miso,,
1154037,,,stew,barley:barley;onion:onions;coriander:coriander;bread:breads;lime:lime,,
1175370,,,broth,,,
11916258,,,soup,rice:Rice;miso:miso,,
12137607,,,dessert-soup,egg:egg;sugar:sugar;water:water,,
12244945,,,,fish:fish;shrimp:shrimp;squid:squid;garlic:garlic;scallion:scallions;coriander:coriander;rice:rice;rice-vermicelli:rice vermicelli;egg:quail eggs;tamarind:tamarind;tomato:tomato;bean:bean;basil:thai basil;broth:broth;water:water,,
1236380,,,cold-soup,water:water;noodle:noodles;salt:salt,,
12847718,,,soup,,,
13244031,NL,,stew,beef:beef;lamb:mutton,,
14107236,,,,fish:fish;crab:crab;water:water,,
14443478,,,soup,potato:potato;chicken:chicken;beef:beef;rice:rice;egg:eggs;offal:liver,,
14570292,,,bread-soup,,,
147723,,,soup,broth:Dashi;rice:rice;tofu:tofu;mushroom:mushrooms;seaweed:wakame;miso:miso,,
14826809,FR,,stew,bean:bean;onion:onions;carrot:carrots;celery:celery;cabbage:cabbage;bread:bread;offal:kidney;sausage:sausage;ham:ham hock;cream:sour cream,,
148836,,,cold-soup,sugar:sugar;bean:beans,,
1520236,DE,,broth,,,
15269342,,,dessert-soup,potato:potato;sweet-potato:sweet potato;ginger:ginger;sugar:brown sugar;water:water,,
15383030,,,broth,chicken:chicken;carrot:carrot;cheese:cheese;corn:maize;broth:broth,,
156520,,,noodle-soup,fish:fish;shrimp:prawn;scallion:scallions;noodle:noodles;tofu:tofu;soy-sauce:soy sauce;broth:broth,,
15687480,,,,cream:cream;wine:white wine,,
15894666,CL,,,fish:fish;chili-pepper:chile;paprika:paprika;parsley:parsley;broth:stock,,
15959961,,,,,,no
16184333,,,,bread:Bread;potato:potatoes;onion:onion;carrot:carrot;celery:celery;cabbage:cabbage;offal:kidney;bean:beans,,
16191337,,,soup,barley:pearl barley;beef:beef;pork:pork;cucumber:cucumbers;offal:kidneys,,
16267026,,,,fish:fish;shrimp:shrimp;crab:crab,,
16344596,,,fish-soup,fish:fish;rice:rice;sausage:sausages;wine:wine,,
167082,,,,fish:fish;noodle:noodle;mushroom:shiitake;seaweed:kombu;miso:miso;broth:broth;water:water,,
16899275,SE,,cold-soup,,,
1724138,,,soup,,,
173821,,,,cucumber:Cucumber;potato:potatoes;rice:rice,,
1755254,,,stew,potato:potato;beef:beef;fish:fish;onion:onion;mushroom:mushrooms;cabbage:cabbage;tomato:tomato;cucumber:cucumbers;dill:dill;cream:sour cream;lime:lemon,,
17610427,,,,clam:clams;garlic:garlic;scallion:scallions;salt:salt,,
17637906,,,stew,potato:potato;beef:beef;pork:pork;clam:clam;rice:rice;water:water,,
176565,HU,,stew,chicken:chicken;chili-pepper:chili peppers;bread:bread;black-pepper:peppers;paprika:paprika,,
178943,,,soup,tripe:tripe;offal:offal,,
1794966,,,,potato:potatoes;fish:haddock;onion:onions;bread:bread,,
17966625,,,chowder,broth:broth;bread:bread;pea:pea,,no
17972814,,,noodle-soup,shrimp:shrimps;tamarind:tamarind;bean:beans,,no
1802458,MA,,noodle-soup,,,
1849474,,,soup,seaweed:seaweed;cabbage:cabbage,,
18629609,,,noodle-soup,rice:rice;rice-vermicelli:rice noodles;noodle:noodles,,
18721189,,,,chicken:chicken;beef:beef;pork:pork;noodle:noodles;broth:broth,,
18742754,PH,,noodle-soup,chicken:chicken;noodle:noodle;cheese:parmesan;bean:beans,,
1889306,,,fish-soup,,,
19114936,FR,,,,,
19344654,IL,,,,,no
19396733,,,,fish:fish;potato:potato;carrot:carrot;celery:celery;egg:egg;lime:lemon,,
19446188,,,fish-soup,chicken:chickens;lamb:mutton;fish:fish;offal:offal,,
19714,,,soup,,,no
1994379,,,,fish:Fish;shrimp:shrimp;squid:cuttlefish,,
20049763,,,soup,,,
2006866,HT,,,,,
20242,,,bean-soup,,,
20457399,,,soup,,,no
2049608,,,noodle-soup,,,
2059704,KE,,soup,corn:maize;water:water,,
20609697,,,fish-soup,chicken:chicken;pork:pork belly;sausage:sausage;ham:bacon,,
21208368,FR,,potage,,,no
21449952,,,stew,beef:beef;coriander:coriander;rice:rice,,
2150142,,,fish-soup,potato:potatoes;fish:fish;shrimp:prawn;crab:crab;squid:squid;egg:egg;salt:salt,,
21629922,,,broth,,,
216990,,,,potato:potatoes;fish:fish;onion:onions;egg:eggs;carrot:carrots;cabbage:cabbage;tomato:tomatoes;beetroot:beetroot;bread:bread;vinegar:vinegar;dill:dill;cream:sour cream;broth:broth;salt:salt,,
2182219,,,stew,,,
2203702,,,soup,,,no
2211090,,,stew,,,
22358999,PE,,chowder,shrimp:Prawns;cream:cream;broth:broth,,
2238207,"AM,GE,AZ",Caucasus,soup,offal:cow feet;tripe:tripe;garlic:garlic,,
229275,,,soup,,,no
2296284,,,,potato:potatoes;chicken:chicken;beef:beef;lamb:lamb;fish:fish;shrimp:shrimp;chili-pepper:chilli;onion:onions;tomato:tomatoes;tripe:beef tripe;offal:offal;cassava:cassava;cream:cream;butter:butter;broth:chicken broth;water:water,,
2315194,BR,,,fish:fish;shrimp:shrimp;bell-pepper:bell peppers;garlic:garlic;onion:onions;coriander:coriander;rice:rice;coconut-milk:coconut milk;tomato:tomatoes;black-pepper:peppers;lime:lime;broth:broth;water:water,,
23199804,,,stew,,,
23308765,,,soup,rice:Glutinous rice;wine:white wine,,
2353922,,,bean-soup,chicken:Chicken;garlic:garlic;rice:glutinous rice;bean:bean;mung-bean:mung bean,,
235662,,,stew,paprika:paprika;water:water,,
235923,,,cold-soup,cream:Cream;chicken:chicken;pork:pork;bread:bread;butter:butter,,
23678942,,,bean-soup,lentil:split yellow lentils;chili-pepper:chili;garlic:garlic;cumin:cumin,,
23993440,,,bread-soup,,,
24039413,JM,,,potato:potatoes;fish:fish;scallion:scallion;coconut-milk:coconut milk;carrot:carrots;pumpkin:pumpkin;yam:yam;cassava:cassava;black-pepper:black pepper;butter:butter;broth:broth;salt:salt,,
2431991,,,dessert-soup,potato:potato;sweet-potato:sweet potato;egg:egg;bean:bean;mung-bean:mung bean;sugar:sugar;water:water,,
2441482,,,soup,mochi:mochi;chicken:chicken;scallion:scallion,,
2455937,,,bread-soup,cheese:cheese;potato:potato;bread:bread;cream:cream,,
24591951,,,,bread:Bread;beef:beef;egg:eggs;cheese:cheese;cream:cream;butter:butter;sugar:sugar;broth:broth;water:water,,
24602024,,,soup,pork:pork;duck:duck,,
24791406,,,,chicken:chicken;garlic:garlic;onion:onion;scallion:spring onion;seaweed:wakame;cucumber:cucumber;vinegar:vinegar;water:water,,
2487817,,,broth,rice:rice;egg:eggs;sesame-oil:sesame oil;broth:broth,,
25124819,,,bean-soup,,,
25241404,,,soup,beef:beef;keluak:keluak nuts;garlic:garlic;galangal:galangal;lemongrass:lemongrass,,
2581657,,,,rice-vermicelli:Rice vermicelli;fish:fish;garlic:garlic;onion:onions;ginger:ginger;lemongrass:lemongrass;coriander:cilantro;rice:rice;noodle:noodles;egg:eggs;chickpea:chickpea;fish-sauce:fish sauce;turmeric:turmeric;parsley:parsley;broth:broth,,
25952119,,,soup,chicken:chicken;beef:beef;garlic:garlic;shallot:shallot;galangal:galangal;lemongrass:lemongrass;coriander:coriander;coconut-milk:coconut milk;tamarind:tamarind;offal:liver;cumin:cumin;cinnamon:cinnamon;black-pepper:pepper;sugar:palm sugar,,
25980154,,,broth,,,no
2599189,,,soup,garlic:garlic;carrot:carrots;celery:celery;cabbage:cabbage;meatball:meatball;sausage:sausages;parsley:parsley,,
26268444,,,,potato:potatoes;carrot:carrots;black-pepper:black pepper;dill:dill;cream:cream;salt:salt,,
26438398,,,broth,cheese:cheese;broth:broth,,
26866,,,fish-soup,fish:fish;shrimp:shrimp;crab:crab;clam:clam;mussel:mussel;oyster:oyster;squid:squid;seaweed:seaweed;cucumber:cucumbers,,
2723248,,,noodle-soup,potato:potato;sweet-potato:sweet potato;pork:minced pork;fish:fish;chili-pepper:chilli;garlic:garlic;onion:onions;scallion:green onions;ginger:ginger;noodle:egg noodles;egg:poached egg;mushroom:mushrooms;cabbage:cabbage;bean:bean;spinach:spinach;bamboo-shoot:bamboo shoots;vinegar:vinegar;sugar:sugar;broth:broth;water:water;salt:salt,,
27830438,BR,,soup,chicken:chicken;rice:rice,,
2824813,,,stew,potato:potatoes;beef:beef;pork:pork;onion:onions;rice:rice;carrot:carrots;soy-sauce:soy sauce;miso:miso;sugar:sugar;broth:dashi,,
28394550,,,soup,,,no
2849631,,,broth,potato:potatoes;garlic:garlic;onion:onion;cabbage:cabbage;bread:bread;ham:ham hock;olive-oil:olive oil;black-pepper:black pepper;broth:broth;salt:salt,,
28532,,,soup,,,
28746500,,,noodle-soup,fish:fish;shrimp:shrimp;scallion:scallions;shallot:shallots;rice:rice;rice-vermicelli:rice vermicelli;mushroom:mushrooms;celery:celery;broth:broth,,
28746505,,,noodle-soup,,,
2894792,,,noodle-soup,chili-pepper:chili;garlic:garlic;onion:red onions;scallion:scallions;ginger:ginger;rice:rice;noodle:egg noodles;egg:egg;tomato:tomato;black-pepper:black pepper;water:water,,
28991642,,,,lentil:lentils;chicken:chicken;beef:beef;lamb:mutton;rice:rice,,
29261018,,,fish-soup,fish:fish;squid:squid;corn:corn,,
2932457,,,soup,broth:chicken stock;chicken:chicken;onion:onions;rice:rice;barley:pearl barley;ham:bacon;black-pepper:black pepper,,
29440,PL,,,,,no
294936,,,soup,beef:beef;egg:eggs;soy-sauce:soy sauce;sugar:sugar,,
29585730,ID,,bean-soup,chicken:chicken;beef:beef;tofu:tofu;coconut-milk:coconut milk;bean:bean;broth:chicken stock,,
29688929,ES,,soup,,,no
30240271,"ES,US",,stew,lobster:lobster;butter:butter;cream:cream,,
30308242,IT,,chowder,ham:Bacon;potato:potato;rice:rice;lentil:lentils;barley:pearl barley;celery:celery;cabbage:cabbage;bread:bread;cheese:cheese;corn:corn;bean:beans;pea:peas;spinach:spinach;pumpkin:pumpkin;broth:broths,,
3066898,,,,chicken:chicken;chili-pepper:chili peppers;mushroom:mushrooms;black-pepper:peppers;lime:lemon;wine:wine,,
30675130,,,noodle-soup,chicken:chicken;pork:pork belly;chili-pepper:chili;garlic:garlic;onion:onions;scallion:spring onions;ginger:ginger;noodle:noodles;mushroom:mushroom;seaweed:kombu;bean:bean;soy-sauce:soy sauce;broth:broth;water:water,,
30876121,,,,noodle:noodles;sugar:sugar;water:water;salt:salt,,
31383119,,,stew,,,
31539563,,,,potato:potato;fish:fish;chili-pepper:chile;garlic:garlic;onion:onion;coriander:coriander;carrot:carrots;tomato:tomatoes;black-pepper:black pepper;cream:cream;broth:stock;water:water,,
31548587,,,stew,pork:pork;chili-pepper:chili pepper;garlic:garlic;shallot:shallot;ginger:ginger;galangal:galangal;lemongrass:lemongrass;kaffir-lime:kaffir lime;coriander:coriander;coconut-milk:coconut milk;turmeric:turmeric;black-pepper:sichuan pepper;bay-leaf:bay leaves;lime:lime;water:water,,
31597260,,,fish-soup,fish:fish;seaweed:kombu;soy-sauce:soy sauce;miso:miso;broth:stock,,
3160140,,,stew,potato:potatoes;chicken:chicken,,
31621988,,,soup,fish:mackerel;rice:rice;spinach:spinach;water-spinach:water spinach;water:water,,
31637187,,,soup,coriander:coriander;beef:beef;galangal:galangal;lemongrass:lemongrass;rice:rice;tamarind:tamarind;turmeric:turmeric;cinnamon:cinnamon;clove:clove,,
32315715,,,soup,,,
32493090,,,noodle-soup,chicken:Chicken;beef:beef;chili-pepper:chilli;shallot:shallots;rice:rice;rice-vermicelli:rice vermicelli;noodle:noodle;egg:egg;cabbage:cabbage;tomato:tomato;tripe:tripes;soy-sauce:soy sauce;broth:broth;salt:salt,,
32531129,,,stew,beef:beef;lamb:mutton;soy-sauce:soy sauce,,
32605036,,,soup,,,no
33148505,,,soup,,,
33309838,,,bean-soup,ham:ham hocks;bean:beans,,
33655052,,,noodle-soup,duck:Duck;noodle:noodles,,
3489856,,,fish-soup,fish:fish;offal:liver;broth:stock,,
3515347,,,stew,chicken:chicken;fish:fish;tofu:tofu;broth:chicken broth,,
35204776,,,,broth:broth;beef:beef;rice:rice;egg:egg;offal:intestines;lime:lime juice;water:water,,
35882566,,,noodle-soup,,,
360677,,,bean-soup,chicken:chicken;beef:beef;onion:onion;carrot:carrots;tomato:tomato;pea:pea;cumin:cumin;turmeric:turmeric;clove:cloves;black-pepper:pepper;basil:basil;cream:cream;broth:stock;salt:salt,,no
36210238,,,broth,fish:fish;rice:rice;fish-sauce:fish sauce;broth:broth,,
3671251,IE,,cold-soup,tomato:Tomatoes;chicken:chicken;rice:rice;carrot:carrot;meatball:meatballs;cream:cream;broth:stock,,
36762240,,,fish-soup,fish:fish;shrimp:shrimps;crab:crab;clam:clam;water:water,,
37078542,,,noodle-soup,tofu:tofu;spinach:spinach;peanut:peanuts,,
37969,,,,chicken:chicken;pork:pork;fish:fish;scallion:scallions;rice:rice;noodle:wheat noodles;seaweed:seaweed;bamboo-shoot:bamboo shoots;soy-sauce:soy sauce;miso:miso;broth:chicken broth;salt:salt,,
38272174,,,soup,potato:potatoes;sweet-potato:sweet potatoes;beef:beef;garlic:garlic;onion:red onions;corn:corn;cassava:cassava,,
38272316,,,fish-soup,chicken:chicken;beef:beef shank;lamb:mutton;fish:fish,,
38795334,,,stew,chicken:chicken;chili-pepper:chili;garlic:garlic;onion:onion;carrot:carrots;cheese:cheese;bean:beans;chickpea:chickpeas;cumin:cumin;lime:lime;avocado:avocado;broth:chicken broth,,
3887348,,,stew,tripe:tripe;offal:kidney,,
39298866,NG,,soup,,,
39360096,,,broth,potato:potatoes;pork:pork;cabbage:cabbage;sausage:chorizo;ham:bacon;bean:beans;broth:broth,,
39466761,,,,fish:mackerel;rice-vermicelli:bee hoon;yam:yam;broth:stock;water:water,,
3968571,,,noodle-soup,,,
3969082,,,noodle-soup,noodle:Wheat noodles;beef:beef;broth:broth,,
3974288,,,stew,potato:potato;chicken:chicken;pork:pork;onion:onion;carrot:carrot;cabbage:cabbage;cream:cream;water:water,,
39770602,,,soup,chicken:chicken;duck:duck,,
39938072,,,soup,garlic:garlic;onion:white onions;coconut-milk:coconut milk;cheese:cheese;yam:yam,,
40064866,,,soup,tomato:tomato;meatball:meatballs;chickpea:chickpeas;yogurt:yogurt,,
40075242,,,stew,,,
40382513,,,fish-soup,loach:loach;burdock:burdock;scallion:scallion;egg:egg,,
406363,,,fish-soup,chicken:chicken;fish:fish;rice:rice;tofu:tofu;lime:lime;water:water,,
40933402,,,fish-soup,cabbage:cabbage;pork:pork;fish:fish;mushroom:mushroom;lentil:lentils;bean:beans;pea:peas;broth:stock,,
40966702,,,stew,,,
41175427,,,broth,potato:potatoes;chicken:chicken;garlic:garlic;onion:onion;bread:bread;offal:kidney;sausage:sausage;ham:bacon;bean:beans;black-pepper:pepper;cream:cream;broth:chicken broth,,
41655409,,,broth,potato:potato;sweet-potato:sweet potato;rice:rice;lime:lime;broth:broth,,
41725770,,,stew,bean:beans;chili-pepper:cayenne pepper;barley:barley;black-pepper:pepper,,
41736894,,,soup,pufferfish:fugu;napa-cabbage:napa cabbage;scallion:scallion,,
41783720,ES,,bread-soup,garlic:garlic;bread:bread;water:water;salt:salt,,
41783762,ES,,,chicken:chicken;fish:fish;garlic:garlic;olive-oil:olive oil;lime:lemons,,
41806877,,,soup,offal:tiger penis;ginger:ginger,,
42335493,,,soup,coconut-milk:coconut milk;pumpkin:pumpkin;taro:taro,,
4257015,,,soup,,,
4275382,,,bean-soup,,,
42814285,,,noodle-soup,,,
43031007,,,noodle-soup,pork:pork;noodle:noodles;broth:broth,,
430984,,,soup,chicken:chicken;egg:eggs;cream:cream,,
431577,,,,chicken:chicken;fish:fish;shrimp:prawns;rice:rice;rice-vermicelli:rice noodles;noodle:noodles;coconut-milk:coconut milk;tamarind:tamarind;broth:broth,,
43271089,,,,egg:poached eggs;bread:stale bread;cheese:parmesan;broth:broth,,
4332959,"CN,US,GB",,stew,turtle:turtle meat;egg:egg,,
43482552,,,bean-soup,,,
43600,,,fish-soup,,,no
43746358,,,stew,chicken:chicken;beef:beef;fish:fish;rice:rice;spinach:spinach;pumpkin:squash;yam:yam;cassava:cassava,,
43760257,,,soup,bread:croutons;cream:cream;butter:butter,,
43767478,PL,,fish-soup,fish:fish;cucumber:cucumber;dill:dill,,
43767849,,,noodle-soup,pork:pork;noodle:noodle;barley:barley;offal:organ meat,,
43777933,,,potage,chicken:chicken;cream:cream;broth:stock,,no
43779728,,,cold-soup,black-pepper:black pepper;cream:sour cream;broth:stock,,no
43804871,,,,chicken:chicken;egg:eggs;cinnamon:cinnamon;butter:butter;sugar:sugar;wine:white wine;broth:chicken stock,,
43805440,,,broth,,,
43811140,,,bean-soup,bean:beans;fennel:fennel,,
43854111,,,stew,broad-bean:broad beans;pea:peas;asparagus:asparagus;artichoke:artichokes,,
4395653,,,soup,potato:potato;wine:wine,,
44212669,,,cream-soup,chicken:chicken;chili-pepper:chiles;garlic:garlic;onion:onion;tomato:tomatoes;cheese:cheese;corn:corn;lime:lime;avocado:avocado;broth:chicken broth,,
44828047,,,,broth:broth;noodle:noodles;egg:eggs;seaweed:nori;miso:miso;water:water,,
45400664,CM,,stew,fish:fish;cream:cream,,
45416841,,,stew,okra:okra;beef:beef;fish:fish,,
45566858,,,broth,potato:potatoes;chicken:chicken;chili-pepper:chiles;onion:onions;tomato:tomato puree;cheese:queso fresco;corn:corn;broth:chicken broth;water:water,,
45568272,,,,fish:fish;chili-pepper:chili peppers;black-pepper:pepper;salt:salt,,
4579515,IR,,soup,egg:eggs;cheese:cheese;olive-oil:olive oil;yogurt:yoghurt;butter:butter;broth:stock;water:water,,
46316,,,,cream:cream;potato:potato;lamb:lamb;fish:fish;shrimp:shrimp;clam:clams;oyster:oyster;barley:barley;cheese:cheese;corn:corn,,no
46330,,,,fish:fish;barley:barley;water:water,,no
46335,,,soup,,,no
46447,,,stew,,,
46459,JP,,,clam:clams;miso:miso;cream:cream;broth:broth,,
46461,,,,,,no
46775413,,,bread-soup,potato:potatoes;rice:rice;bread:bread;yam:yams;plantain:plantains;black-pepper:pepper;wine:wine,,
46955205,,,,dried-fruit:dried fruits;apple:apples;raisin:raisins,,
47083051,,,stew,potato:potato;carrot:carrot;bean:bean;parsley:parsley,,
47175174,,,,yogurt:Yogurt;meatball:meatballs,,
47270313,,,,egg:beaten egg;broth:broth,,
47432183,,,bean-soup,,,
4750535,HU,,noodle-soup,beef:beef;pork:pork;shrimp:shrimp;lemongrass:lemongrass;rice:rice;rice-vermicelli:rice vermicelli;noodle:noodles,,
47826163,,,fish-soup,corn:Corn;crab:crab;egg:egg;cream:cream,,
47826242,,,soup,corn:corn;black-pepper:pepper,,
47839149,,,soup,,,no
47840548,,,noodle-soup,,,
47849884,,,stew,tamarind:tamarind;fish:fish;chili-pepper:chili pepper;black-pepper:pepper;lime:lime;broth:broth,,
47862438,,,noodle-soup,beef:beef;chicken:chicken;shallot:shallot;noodle:noodle;coconut-milk:coconut milk;offal:offal;broth:broth,,
47862625,,,stew,,,
47862770,HU,,stew,fish:fish;bell-pepper:bell pepper;onion:red onion;tomato:tomato;black-pepper:black pepper;paprika:paprika,,
47863592,,,bean-soup,,,
47863695,,,bean-soup,,,no
47863702,,,bread-soup,,,
48195554,,,cold-soup,,,no
48744803,,,broth,carrot:carrot;bread:bread;cream:cream;broth:broth,,
48768,,,soup,,,no
4885967,FR,,soup,beef:beef;onion:onion;carrot:carrot,,
49168404,US,,stew,potato:potato;fish:fish;garlic:garlic;onion:onion;cheese:cheese;tripe:tripe;offal:offal;cassava:yuca;wine:wine,,
49210246,,,noodle-soup,beef:beef;oyster:oyster;chili-pepper:chilli;garlic:garlic;ginger:ginger;galangal:blue ginger;rice:rice;rice-vermicelli:rice noodles;noodle:noodles;offal:offal;bean:beans;soy-sauce:dark soy sauce;sesame-oil:sesame oil,,
49248790,NG,,cream-soup,yam:yam;black-pepper:pepper,,
49641854,,,soup,potato:potato;fish:cod;garlic:garlic;onion:onion;carrot:carrot;celery:celery;cabbage:cabbage;tomato:tomato;chickpea:chickpeas;olive-oil:olive oil;wine:white wine;salt:salt,,
5013985,,,soup,,,no
50451770,,,noodle-soup,beef:beef;ginger:ginger;galangal:galangal;lemongrass:lemongrass;rice:rice;rice-vermicelli:rice vermicelli;cinnamon:cinnamon;lime:lime,,
50554088,,,bread-soup,chili-pepper:chili pepper;garlic:crushed garlic;onion:onion;scallion:spring onion;ginger:ginger;coriander:coriander;bread:bread;pea:pea;black-pepper:sichuan pepper,,
50577328,,,broth,egg:eggs;cheese:cheeses;meatball:meatballs;black-pepper:pepper;parsley:parsley;broth:broth;salt:salt,,
50577476,IT,,,egg:eggs;bread:bread;meatball:meatballs;saffron:saffron;broth:broth,,
50580426,,,stew,bread:bread crumbs;bean:beans;olive-oil:olive oil;mint:mint;yogurt:yogurt;broth:broth,,no
51088548,,,,potato:potatoes;sweet-potato:sweet potatoes;rice:glutinous rice;coconut-milk:coconut milk;taro:taro;sugar:sugar;water:water,,
51112496,,,noodle-soup,,,no
51118076,,,soup,millet:finger millet (ragi);rice:rice,,
51255058,"CN,GB",,soup,watercress:watercress;pork:pork bones,,
51525715,,,fish-soup,beef:beef;fish:fish;onion:onion;tripe:tripe;pumpkin:pumpkin;yam:yam;black-pepper:black pepper;water:water;salt:salt,,
51555160,,,broth,barley:barley;pea:peas;broth:broth,,
51781529,,,stew,pork:pork;garlic:garlic;offal:offal;soy-sauce:soy sauce,,
51884580,CM,,fish-soup,beef:beef;fish:fish;spinach:spinach;cassava:cassava;water:water,,
5190223,,,,sesame-oil:sesame oil;chicken:chicken;fish:fish;tofu:tofu;mushroom:shiitake mushrooms;carrot:carrots;taro:taro;yam:yams;soy-sauce:soy sauce;salt:salt,,
52021650,,,soup,chicken:chicken;beef:beef;pork:pork;corn:corn;lime:lime juice,,
52448391,,,noodle-soup,duck:duck;garlic:garlic;scallion:scallions;ginger:ginger;rice:rice;rice-vermicelli:rice noodles;noodle:noodles;offal:intestines;soy-sauce:soy sauce;wine:wine,,
52456961,,,,pork:pork;cabbage:cabbage,,
52643761,,,soup,chicken:chicken;pork:pork;duck:duck,,
5305267,CN,,noodle-soup,potato:potato;sweet-potato:sweet potato;noodle:noodles;corn:maize;miso:miso;cream:cream;broth:broth,,
5305736,,,fish-soup,potato:potato;sweet-potato:sweet potato;fish:fish;shrimp:shrimp;rice:rice;bean:beans;fish-sauce:fish sauce;salt:salt,,
53077952,,,stew,potato:potatoes;beef:beef;pork:pork;fish:fish;chili-pepper:chili;rice:rice;cabbage:cabbage;corn:corn;bean:beans;soy-sauce:soy sauce;fish-sauce:fish sauce,,
531674,,,stew,meatball:meatballs;broth:broth,,
53255330,NG,,stew,fish:fish;shrimp:shrimp;onion:onions;black-pepper:pepper;salt:salt,,
53278267,NG,,soup,editan-leaf:editan leaves;offal:assorted meat;chili-pepper:pepper,,
53543247,CN,,cold-soup,spinach:Spinach;potato:potatoes;onion:onion;scallion:green onion;tofu:tofu;carrot:carrot;celery:celery;tomato:tomatoes;olive-oil:olive oil;black-pepper:pepper;cream:sour cream;lime:lemon juice;broth:broth;salt:salt,,
53673578,,,soup,potato:potatoes;garlic:garlic;onion:onion;tomato:tomatoes;black-eyed-pea:black-eyed peas;pea:peas;bamboo-shoot:bamboo shoots;black-pepper:pepper;salt:salt,,
53699164,,,,noodle:noodles;mushroom:mushrooms,,no
5374966,,,stew,,,
5376627,,,soup,water:water;chili-pepper:chilli;rice:rice;yogurt:yogurt,,
53796808,,,soup,tofu:tofu;potato:potato;sweet-potato:sweet potato;mushroom:shiitake mushrooms;carrot:carrot;taro:taro root;soy-sauce:soy sauce;sesame-oil:sesame oil;broth:stock,,
53823862,,,,avocado:Avocado;shrimp:shrimp;crab:crab;chili-pepper:cayenne pepper;garlic:garlic;onion:onions;shallot:shallots;coriander:cilantro;cumin:cumin;black-pepper:pepper;cream:sour cream;lime:lemon juice;broth:broth;water:water;salt:salt,,no
54162366,,,broth,bread:bread;pumpkin:pumpkin;cream:cream;broth:broth,,
54163303,,,,chicken:chicken;noodle:noodle;corn:corn;lime:lime;avocado:avocado;broth:stock,,
54176978,,,noodle-soup,,,no
54586260,,,broth,,,
54921384,,,stew,lamb:mutton;meatball:meatball,,
55513895,,,noodle-soup,beef:beef;potato:potatoes;chicken:chicken;onion:onion;scallion:scallions;shallot:shallot;rice:rice;rice-vermicelli:rice vermicelli;noodle:noodles;egg:egg;coconut-milk:coconut milk;celery:celery;offal:offal;broth:broth,,
55553820,PE,,noodle-soup,chicken:Chicken;potato:potatoes;chili-pepper:chili;coriander:coriander;rice:rice;noodle:noodles;carrot:carrots;corn:corn;offal:offal;pea:peas;black-pepper:pepper,,
55561007,,,,potato:potatoes;garlic:garlic;bread:bread;cheese:cheese;cumin:cumin;butter:butter;broth:broth,,
559495,,,stew,chicken:chicken;lamb:mutton;rice:rice;lentil:lentils;black-pepper:black pepper;water:water,,
56029455,,,noodle-soup,fish:fish;chili-pepper:chili pepper;garlic:garlic;scallion:scallion;shallot:shallot;noodle:noodle;cabbage:cabbages;black-pepper:pepper,,
56389461,,,soup,,,
569036,ES,,,bean:common bean;wine:red wine,,
57323119,DE,,,crab:crab;bread:bread;offal:liver,,
5741239,,,stew,chicken:chicken;beef:beef;pork:pork;fish:fish;egg:eggs;offal:heart;bean:beans;water:water,,no
5776659,MY,,broth,lamb:mutton;onion:onion;scallion:spring onion;ginger:ginger;celery:celery;tomato:tomato;offal:offals;lime:lime;broth:broth,,
5781423,,,,noodle:noodle;barley:barley;spinach:spinach;yogurt:yogurt;broth:broth,,
5809149,,,,noodle:Noodles;duck:duck,,
58240421,,,broth,chicken:chicken;lamb:mutton;rice:rice;broth:broth;water:water,,
58434256,,,stew,onion:onions;tomato:tomato;bean:bean;yam:yam,,
58548859,,,stew,pork:pork;shrimp:shrimp;chili-pepper:siling labuyo;garlic:garlic;onion:onions;rice:rice;coconut-milk:coconut milk;bean:bean,,
589702,,,stew,,,
59017628,,,bread-soup,potato:potatoes;mushroom:mushrooms;bread:bread;sausage:sausage,,
593120,CN,,,,,
59347341,,,noodle-soup,fish:fish;shallot:shallots;rice:rice;noodle:noodles;coconut-milk:coconut milk,,
59407816,,,,chicken:chicken;beef:corned beef;pork:pork;garlic:garlic;onion:onion;noodle:noodle;carrot:carrot;cabbage:cabbage;tomato:tomato;butter:butter;broth:broth,,
6014680,AM,,cold-soup,,,
60539561,,,stew,chicken:chicken;fish:fish;chili-pepper:chilis;garlic:garlic;onion:onion;ginger:ginger;lemongrass:lemongrass;coconut-milk:coconut milk;fish-sauce:fish sauce;water:water,,
60550218,,,soup,,,no
60631724,,,cream-soup,broad-bean:broad beans;pasta:kusksu pasta;pea:peas;egg:egg,,
60900,,,fish-soup,fish:fish;water:water,,
60964194,,,noodle-soup,noodle:wheat noodles;cream:cream;broth:broth,,
60972024,,,stew,chicken:chicken;lemongrass:lemongrass;coconut-milk:coconut cream;offal:heart;cream:cream,,
61322568,,,,chicken:chicken;garlic:garlic;onion:onion;celery:celery;ham:bacon;black-pepper:pepper;paprika:paprika;cream:cream;butter:butter;broth:chicken stock;salt:salt,,no
62101108,,,,potato:potato;sweet-potato:sweet potato;beef:beef;pork:pork;garlic:garlic;onion:onions;rice:rice;noodle:egg noodles;egg:beaten eggs;corn:corn;soy-sauce:soy sauce;vinegar:vinegar;black-pepper:black pepper;wine:wine;broth:stock,,
6250637,EC,,soup,pumpkin:squash;potato:potato;corn:corn;beef:beef;rice:rice,,
63133991,GB,,,almond:almonds;rice:rice;milk:milk,,
63850931,,,noodle-soup,chicken:chicken;garlic:garlic;scallion:scallions;rice:rice;rice-vermicelli:rice noodles;noodle:noodles;mushroom:mushroom;cabbage:chinese cabbage;meatball:meatballs;soy-sauce:soy sauce;broth:chicken broth,,
64154072,,,soup,potato:potatoes;carrot:carrots;pea:peas;butter:butter,,
64247976,,,stew,beef:beef;lamb:mutton;chili-pepper:chili;egg:egg;coconut-milk:coconut milk;bean:beans;black-eyed-pea:black-eyed pea;pea:pea;sugar:palm sugar,,
64505143,,,noodle-soup,chicken:chicken;rice:rice;rice-vermicelli:rice vermicelli;noodle:noodles;meatball:meatballs;bean:bean,,
64579851,,,broth,,,
64579947,,,soup,spinach:amaranth (bayam);corn:corn;garlic:garlic,,
6524902,,,fish-soup,tamarind:tamarind;fish:fish;chili-pepper:chilli;rice:rice;corn:corn,,
6535,,,stew,celery:celeriac;salt:salt,,no
65568017,NG,,,fish:fish;garlic:garlic;onion:onion;rice:rice;tamarind:tamarind;tomato:tomatoes;bean:bean;spinach:spinach;taro:taro;yam:yam;black-pepper:pepper;broth:broth,,
657129,,,noodle-soup,wine:wine;broth:broth;water:water,,no
66669444,,,stew,pork:Pork;potato:potato;sweet-potato:sweet potato;chicken:chicken;fish:fish;onion:onion;lemongrass:lemongrass;tamarind:tamarind;cabbage:cabbage;ham:ham hock;bean:beans;pea:peas;fish-sauce:fish sauce;black-pepper:peppers,,
66669502,,,stew,chicken:Chicken;onion:onions;ginger:ginger;lemongrass:lemongrass;offal:heart;bean:beans;pea:peas;black-pepper:pepper;salt:salt,,
67157,GR,,,,,
67316869,,,,beef:beef;pork:pork;shrimp:shrimps;garlic:garlic;onion:onion;corn:corn;spinach:spinach;black-pepper:pepper;salt:salt,,
68133063,,,noodle-soup,pork:pork;onion:onions;scallion:green onions;coriander:cilantro;rice:sticky rice;rice-vermicelli:rice noodles;noodle:noodles;egg:eggs;coconut-milk:coconut cream;cabbage:cabbage;black-pepper:peppers;peanut:peanuts;mint:mint;cream:cream;broth:broth,,
69179569,,,broth,bread:stale bread;broth:broth;water:water,,
69630513,,,stew,chicken:chicken;beef:beef;pork:pork;fish:fish;bell-pepper:bell pepper;garlic:garlic;onion:onion;lemongrass:lemongrass;bean:beans;spinach:spinach;water-spinach:water spinach;taro:taro;fish-sauce:fish sauce;black-pepper:black pepper;water:water;salt:salt,,
7004741,,,noodle-soup,rice:rice;noodle:noodles;mushroom:mushrooms;soy-sauce:soy sauce;miso:miso;broth:dashi;water:water,,
704562,,,,chicken:chicken;fish:fish;egg:egg;cream:cream;broth:broth;salt:salt,,
71120585,,,soup,papaya:pawpaw;fish:fish;chili-pepper:chili,,
71205033,,,,noodle:noodle;garlic:garlic;shallot:shallot;tofu:tofu;celery:celery;bean:bean;soy-sauce:soy sauce,,
72576408,,,,bamboo-shoot:bamboo shoot;chicken:chicken;fish:fish;chili-pepper:chilli;lemongrass:lemongrass;rice:rice;tofu:bean curd;bean:bean;fish-sauce:fish sauce;black-pepper:pepper;basil:basil,,
74194133,,,soup,ant-egg:weaver ant eggs;chili-pepper:chili;lime:lime,,
74271176,,,fish-soup,,,
74318408,,,fish-soup,shrimp:shrimp;corn:corn;basil:basil,,
7674269,,,soup,seaweed:wakame seaweed;beef:beef;garlic:garlic;sesame-oil:sesame oil,,
767584,,,,fish:Fish;potato:potatoes;shrimp:prawn;crab:crab;mussel:mussels;chili-pepper:cayenne pepper;garlic:garlic;onion:onion;celery:celery;tomato:tomato;bread:bread;olive-oil:olive oil;black-pepper:pepper;saffron:saffron;broth:broth,,
7692754,,,soup,taro:taro;broth:stock,,
79358082,,,cold-soup,,,
81357365,,,fish-soup,chicken:chicken;fish:fish;shrimp:shrimp;chili-pepper:cayenne pepper;coconut-milk:coconut milk;spinach:spinach;water-spinach:water spinach;black-pepper:pepper;lime:lime;water:water,,
81751030,NG,,fish-soup,fish:fish;yam:yam,,
82001882,,,soup,,,no
82216707,US,,,chicken:chicken;crab:crab;onion:onion;celery:celery;corn:corn;offal:kidney;black-pepper:black pepper;dill:dill;cream:cream;butter:butter;lime:lemon;broth:chicken broth;salt:salt,,
82218846,,,,potato:potatoes;fish:fish;crab:crab;chili-pepper:chili peppers;garlic:garlic;onion:onion;carrot:carrots;celery:celery;tomato:tomatoes;corn:corn;bean:beans;pea:peas;black-pepper:pepper;bay-leaf:bay leaf;lime:lemon juice;broth:stock;water:water;salt:salt,,
82528116,MA,,stew,tripe:tripe;offal:offal;chickpea:chickpea,,
844568,,,broth,plantain:plantains;beef:beef;fish:fish;corn:maize;cassava:cassava;broth:broth;water:water,,
8611818,,,noodle-soup,chicken:chicken;beef:beef;pork:pork;chili-pepper:chili pepper;garlic:garlic;noodle:noodle;cabbage:cabbage;offal:offal;soy-sauce:soy sauce;miso:miso;black-pepper:pepper,,
8635309,,,,beef:beef;egg:egg;broth:beef broth,,
863787,,,soup,cabbage:Cabbage;potato:potatoes;garlic:garlic;onion:onions;mushroom:mushroom;carrot:carrot;spinach:spinach;saffron:saffron;parsley:parsley,,
8660143,,,fish-soup,shrimp:shrimp;rice:rice;coconut-milk:coconut milk;corn:corn;bean:beans,,
879354,,,stew,broth:broth;fish:fish,,
88056,,,stew,fish:fish;egg:eggs;tofu:tofu;soy-sauce:soy sauce;miso:miso;broth:broth,,
882004,,,stew,,,
8858106,SE,,broth,potato:potatoes;beef:beef;pork:pork;lamb:mutton;egg:egg;carrot:carrots;celery:celeriac;cabbage:white cabbage;cheese:cheese;pea:green peas;bay-leaf:bay leaves;broth:broth,,
89251,,,soup,corn:sweetcorn;sugar:sugar,,
9090116,,,,sugar:sugar;rice:rice;water:water,,
9217993,MX,,broth,potato:potato;chicken:shredded chicken;garlic:garlic;onion:onion;coriander:cilantro;rice:rice;carrot:carrot;celery:celery;cabbage:cabbage;tomato:tomato;corn:corn on the cob;bean:beans;lime:lemon juice;avocado:avocado;broth:chicken broth;water:water,,
928333,,,soup,tofu:tofu;lamb:mutton;water:water,,
999601,,,broth,,,
